Rank order,Type,Frequency
1,the,2331
2,of,1389
3,to,1217
4,and,1022
5,in,825
6,is,611
7,that,598
8,a,581
9,it,413
10,for,408
11,they,351
12,not,320
13,as,316
14,which,298
15,this,296
16,by,293
17,but,287
18,be,262
19,one,261
20,on,250
21,we,231
22,have,218
23,are,211
24,or,207
25,who,195
26,their,191
27,was,189
28,with,189
29,what,170
30,he,166
31,from,163
32,',158
33,his,158
34,i,155
35,at,152
36,you,142
37,has,140
38,if,139
39,our,138
40,all,137
41,were,132
42,an,131
43,galen,126
44,also,125
45,them,123
46,those,116
47,these,111
48,had,110
49,experience,103
50,there,102
51,would,96
52,some,95
53,so,93
54,when,91
55,no,89
56,other,88
57,will,81
58,such,80
59,do,78
60,even,74
61,men,73
62,about,73
63,us,73
64,more,72
65,only,72
66,then,71
67,reason,70
68,medical,68
69,own,68
70,been,68
71,way,65
72,medicine,64
73,should,62
74,city,61
75,out,59
76,just,58
77,case,58
78,greeks,57
79,pp,56
80,things,55
81,can,54
82,p,53
83,too,53
84,part,53
85,rather,53
86,than,53
87,first,53
88,its,53
89,kind,53
90,knowledge,52
91,how,52
92,same,51
93,nature,51
94,good,50
95,thus,50
96,both,50
97,though,49
98,theory,49
99,now,49
100,since,49
101,empiricists,49
102,any,49
103,most,49
104,art,47
105,see,47
106,many,46
107,socrates,46
108,because,46
109,athenians,46
110,war,45
111,she,45
112,does,44
113,say,44
114,particular,43
115,philosophy,42
116,against,41
117,b.c.,40
118,use,40
119,time,40
120,matter,39
121,themselves,39
122,vol,39
123,history,39
124,virtue,39
125,another,38
126,ancient,38
127,galen's,38
128,each,37
129,know,37
130,much,37
131,after,36
132,something,36
133,menexenus,36
134,view,36
135,think,35
136,could,35
137,position,35
138,thought,35
139,well,34
140,did,34
141,spartans,34
142,others,33
143,very,33
144,philosophical,33
145,two,32
146,into,32
147,greece,32
148,seems,32
149,empiricism,32
150,nor,32
151,practice,32
152,body,32
153,plato,32
154,here,31
155,through,31
156,hence,31
157,may,30
158,whole,30
159,great,30
160,de,30
161,apparent,30
162,given,30
163,her,30
164,speech,29
165,made,29
166,make,29
167,athens,29
168,praise,29
169,greek,29
170,over,29
171,place,29
172,thucydides,28
173,life,28
174,writings,28
175,before,28
176,athenian,28
177,human,27
178,whereas,27
179,take,27
180,long,26
181,called,26
182,become,26
183,me,26
184,like,26
185,doctor,25
186,still,25
187,fine,25
188,fact,25
189,itself,25
190,debate,25
191,tradition,25
192,century,25
193,man,24
194,often,24
195,whether,24
196,clear,24
197,able,24
198,present,24
199,deeds,24
200,came,24
201,views,24
202,doctors,24
203,philosophers,23
204,quite,23
205,being,23
206,pericles,23
207,logic,23
208,died,23
209,alone,23
210,up,23
211,come,23
212,general,23
213,find,23
214,either,23
215,empiricist,22
216,himself,22
217,cause,22
218,him,22
219,grote,22
220,already,22
221,try,21
222,let,21
223,right,21
224,methodists,21
225,persians,21
226,among,21
227,kuhn,21
228,remedies,21
229,manifest,21
230,certain,21
231,matters,21
232,never,21
233,method,21
234,power,21
235,theoretical,21
236,age,21
237,natural,21
238,rationalists,20
239,means,20
240,need,20
241,end,20
242,aristotle,20
243,fought,20
244,give,20
245,off,20
246,claim,20
247,your,20
248,rationalist,20
249,must,20
250,one's,20
251,indeed,20
252,amount,20
253,sea,20
254,inflammation,20
255,said,20
256,least,19
257,might,19
258,why,19
259,seen,19
260,yet,19
261,account,19
262,best,19
263,speak,19
264,where,19
265,theories,19
266,between,19
267,hand,18
268,three,18
269,treatises,18
270,having,18
271,true,18
272,nothing,18
273,fathers,18
274,children,18
275,v,17
276,third,17
277,mind,17
278,known,17
279,took,17
280,whom,17
281,diseases,17
282,indication,17
283,land,17
284,small,17
285,rest,17
286,eyes,17
287,battle,17
288,parts,17
289,behalf,17
290,treatment,16
291,believe,16
292,interest,16
293,barbarians,16
294,cases,16
295,without,16
296,understand,16
297,again,16
298,call,16
299,fluid,16
300,persian,15
301,communities,15
302,flux,15
303,done,15
304,due,15
305,science,15
306,tried,15
307,similar,15
308,ships,15
309,ed,15
310,else,15
311,noble,15
312,basis,15
313,point,15
314,outline,15
315,affection,15
316,sects,15
317,dispute,15
318,greatest,15
319,result,14
320,dogmatics,14
321,less,14
322,thing,14
323,possible,14
324,go,14
325,seemed,14
326,second,14
327,seem,14
328,questions,14
329,funeral,14
330,reputation,14
331,reasoning,14
332,cannot,14
333,taken,14
334,show,14
335,king,14
336,enough,14
337,different,14
338,observation,14
339,costive,13
340,e.g.,13
341,bodies,13
342,under,13
343,back,13
344,beginners,13
345,peace,13
346,needs,13
347,ii,13
348,generally,13
349,my,13
350,necessary,13
351,terms,13
352,namely,13
353,found,13
354,health,13
355,certainly,13
356,causes,13
357,truth,13
358,beings,13
359,once,13
360,flow,12
361,schools,12
362,upon,12
363,times,12
364,later,12
365,entities,12
366,appropriate,12
367,ancestors,12
368,new,12
369,expertise,12
370,translate,12
371,pores,12
372,live,12
373,victory,12
374,almost,12
375,anything,12
376,ways,12
377,beneficial,12
378,explain,12
379,ought,12
380,fleet,12
381,number,12
382,always,12
383,affections,12
384,somewhat,12
385,criticisms,12
386,ones,12
387,towards,12
388,left,11
389,c,11
390,t,11
391,translation,11
392,away,11
393,hippocrates,11
394,truths,11
395,provide,11
396,fitting,11
397,down,11
398,sense,11
399,received,11
400,benefit,11
401,allow,11
402,common,11
403,claimed,11
404,honor,11
405,somebody,11
406,speaking,11
407,country,11
408,sent,11
409,follow,11
410,chapter,11
411,neither,11
412,comes,11
413,return,11
414,aspasia,11
415,cities,11
416,difficult,11
417,mere,11
418,based,11
419,father,11
420,moreover,11
421,death,11
422,asclepiades,11
423,strong,11
424,inflamed,11
425,turn,10
426,d,10
427,x,10
428,flows,10
429,went,10
430,similarly,10
431,attack,10
432,assume,10
433,dogmatic,10
434,lot,10
435,further,10
436,so-called,10
437,states,10
438,proper,10
439,apply,10
440,work,10
441,ourselves,10
442,detail,10
443,herodotus,10
444,perception,10
445,stoics,10
446,used,10
447,bring,10
448,cf,10
449,perhaps,10
450,form,10
451,traditional,10
452,political,10
453,while,10
454,remarks,10
455,force,10
456,ever,10
457,earlier,10
458,school,10
459,put,10
460,laws,10
461,pergamum,10
462,within,10
463,concerning,10
464,every,10
465,according,10
466,respect,10
467,takes,10
468,strength,10
469,learned,10
470,care,10
471,freedom,10
472,important,10
473,patient,10
474,deed,10
475,living,10
476,six,10
477,obviously,10
478,discovery,10
479,makes,10
480,enemies,10
481,person,10
482,example,9
483,b,9
484,obvious,9
485,taking,9
486,question,9
487,became,9
488,led,9
489,opposite,9
490,develop,9
491,full,9
492,extant,9
493,brings,9
494,grant,9
495,inferences,9
496,subject,9
497,med,9
498,fluent,9
499,remember,9
500,look,9
501,evacuation,9
502,instead,9
503,understanding,9
504,evidence,9
505,graves,9
506,shall,9
507,far,9
508,few,9
509,effect,9
510,various,9
511,suggestion,9
512,places,9
513,disposition,9
514,sufficient,9
515,willing,9
516,regime,9
517,beyond,9
518,course,9
519,dare,9
520,birth,9
521,affected,9
522,marathon,9
523,defeated,9
524,happen,9
525,spartan,9
526,free,9
527,people,9
528,clearly,9
529,pericles',9
530,plato's,9
531,rely,9
532,influence,9
533,mentioned,9
534,scepticism,9
535,proved,9
536,set,9
537,useless,9
538,however,9
539,everything,9
540,especially,9
541,following,9
542,arguments,9
543,daring,8
544,fifth,8
545,making,8
546,circumstances,8
547,law,8
548,wound,8
549,state,8
550,press,8
551,descendants,8
552,equal,8
553,critical,8
554,someone,8
555,going,8
556,term,8
557,worthy,8
558,fear,8
559,met,8
560,cure,8
561,lost,8
562,bodily,8
563,scientific,8
564,empire,8
565,learn,8
566,loose,8
567,around,8
568,egypt,8
569,study,8
570,wrong,8
571,rhetoric,8
572,am,8
573,won,8
574,issue,8
575,draw,8
576,mixed,8
577,old,8
578,sect,8
579,medicines,8
580,learning,8
581,proof,8
582,council,8
583,affairs,8
584,days,8
585,a.d.,8
586,manner,8
587,army,8
588,giving,8
589,disease,8
590,consider,8
591,beginning,8
592,although,8
593,positive,8
594,friends,8
595,task,8
596,problems,8
597,iii,8
598,choose,8
599,saying,8
600,longer,8
601,arrive,8
602,deal,8
603,methodist,8
604,brought,8
605,parents,8
606,constriction,8
607,raised,8
608,argument,8
609,role,7
610,l,7
611,m,7
612,better,7
613,order,7
614,translated,7
615,asclepiades',7
616,day,7
617,whose,7
618,attitude,7
619,die,7
620,finally,7
621,stand,7
622,observed,7
623,deichgraber,7
624,naturally,7
625,believed,7
626,theorems,7
627,euthyphro,7
628,agreed,7
629,leave,7
630,private,7
631,happens,7
632,tries,7
633,education,7
634,judge,7
635,forth,7
636,trial,7
637,nobly,7
638,hidden,7
639,refer,7
640,lives,7
641,contained,7
642,looking,7
643,contrary,7
644,suggests,7
645,follows,7
646,considerable,7
647,platonists,7
648,commentary,7
649,herophilus,7
650,treated,7
651,praised,7
652,argue,7
653,treaty,7
654,arrived,7
655,predecessors,7
656,equally,7
657,thinks,7
658,events,7
659,began,7
660,want,7
661,group,7
662,philosopher,7
663,sceptical,7
664,transition,7
665,atoms,7
666,hope,7
667,oration,7
668,summer,7
669,sort,7
670,heard,7
671,actually,7
672,collection,7
673,reasons,7
674,agree,7
675,public,7
676,walzer,7
677,remedy,7
678,courage,7
679,book,7
680,mouth,7
681,dangers,7
682,greater,7
683,accounts,7
684,simple,7
685,differ,7
686,hellenistic,7
687,peloponnesian,7
688,methodism,7
689,son,7
690,gods,7
691,goes,7
692,herself,7
693,limited,7
694,suffice,6
695,k,6
696,supposed,6
697,provided,6
698,hard,6
699,cmg,6
700,famous,6
701,says,6
702,lie,6
703,acquired,6
704,doubt,6
705,involved,6
706,memory,6
707,short,6
708,wealth,6
709,ears,6
710,pass,6
711,grasp,6
712,occasion,6
713,importance,6
714,text,6
715,mention,6
716,physical,6
717,empirical,6
718,texts,6
719,forces,6
720,barbarian,6
721,step,6
722,disagreement,6
723,prepared,6
724,honored,6
725,sufficiently,6
726,useful,6
727,technical,6
728,moral,6
729,specific,6
730,enemy,6
731,understood,6
732,cambridge,6
733,looks,6
734,refers,6
735,uses,6
736,addition,6
737,league,6
738,corinth,6
739,teachers,6
740,i',6
741,four,6
742,gave,6
743,belief,6
744,hear,6
745,thessalus,6
746,thin,6
747,reading,6
748,none,6
749,help,6
750,rejected,6
751,returned,6
752,reports,6
753,success,6
754,claims,6
755,child,6
756,proceed,6
757,judgment,6
758,discussion,6
759,argives,6
760,entirely,6
761,slaves,6
762,antiquity,6
763,hot,6
764,regarded,6
765,respects,6
766,notice,6
767,asia,6
768,soul,6
769,contribution,6
770,democracy,6
771,dilation,6
772,during,6
773,safety,6
774,anyone,6
775,spite,6
776,aid,6
777,oxford,6
778,english,6
779,truly,6
780,viii,6
781,speculation,6
782,educated,6
783,symptoms,6
784,dead,6
785,joined,6
786,little,6
787,large,6
788,doctrine,6
789,proceeds,6
790,relevant,6
791,accept,6
792,fourth,6
793,suggest,6
794,expect,6
795,yourselves,5
796,j,5
797,blood,5
798,beliefs,5
799,empty,5
800,rome,5
801,darius,5
802,woman,5
803,regard,5
804,condition,5
805,spoken,5
806,sicily,5
807,delian,5
808,concern,5
809,worked,5
810,moment,5
811,season,5
812,don',5
813,combination,5
814,water,5
815,introduction,5
816,easy,5
817,oligarchs,5
818,london,5
819,believing,5
820,seasons,5
821,length,5
822,dog,5
823,don,5
824,characterized,5
825,main,5
826,constitution,5
827,speeches,5
828,exactly,5
829,invention,5
830,aristotle's,5
831,allies,5
832,open,5
833,roughly,5
834,felt,5
835,needed,5
836,renaissance,5
837,healthy,5
838,love,5
839,internal,5
840,hands,5
841,year,5
842,allowed,5
843,kalos,5
844,debates,5
845,historical,5
846,hardly,5
847,authors,5
848,shame,5
849,sextus,5
850,forms,5
851,remain,5
852,eye,5
853,antecedent,5
854,whatever,5
855,next,5
856,battles,5
857,rise,5
858,physiology,5
859,modern,5
860,arabic,5
861,physician,5
862,criticize,5
863,produced,5
864,keep,5
865,inflammations,5
866,relaxed,5
867,along,5
868,attention,5
869,oneself,5
870,extent,5
871,assumption,5
872,familiar,5
873,origin,5
874,nutton,5
875,easily,5
876,iv,5
877,ix,5
878,complete,5
879,months,5
880,author,5
881,fight,5
882,obtained,5
883,seek,5
884,reasonable,5
885,military,5
886,reasonably,5
887,vi,5
888,epistemological,5
889,continued,5
890,purpose,5
891,observations,5
892,god,5
893,wish,5
894,enormous,5
895,authority,5
896,onwards,5
897,kinds,5
898,rationalism,5
899,accord,5
900,last,5
901,freed,5
902,early,5
903,prime,5
904,salamis,5
905,i.e.,5
906,meet,5
907,phenomena,5
908,shameful,5
909,action,5
910,anatomy,5
911,together,5
912,instance,5
913,albinus,5
914,principles,5
915,appears,5
916,firm,5
917,distinguish,5
918,except,5
919,nevertheless,5
920,unless,5
921,equality,5
922,whenever,5
923,fair,5
924,event,5
925,gratify,5
926,properly,5
927,edelstein,5
928,treatise,5
929,citizens,5
930,empiricus,5
931,helped,5
932,therefore,5
933,prevent,5
934,years,5
935,future,5
936,acquire,5
937,ask,5
938,defend,5
939,largely,5
940,born,5
941,habits,5
942,daily,5
943,bad,5
944,offer,5
945,suffer,5
946,words,5
947,practices,5
948,trained,5
949,join,5
950,begin,5
951,erasistratus,5
952,sign,5
953,encouraged,5
954,friend,5
955,noblest,5
956,persia,5
957,doing,5
958,idea,5
959,throughout,5
960,figure,5
961,derive,5
962,recall,5
963,lead,5
964,justice,5
965,studied,5
966,competent,4
967,quiet,4
968,rational,4
969,f,4
970,g,4
971,analytics,4
972,realized,4
973,walls,4
974,drugs,4
975,teacher,4
976,lengthy,4
977,element,4
978,prevented,4
979,situation,4
980,replaced,4
981,enslaved,4
982,actual,4
983,historians,4
984,pain,4
985,fallen,4
986,requires,4
987,performed,4
988,postulate,4
989,nosebleeding,4
990,heavily,4
991,areas,4
992,grateful,4
993,occasions,4
994,training,4
995,relax,4
996,relay,4
997,menodotus,4
998,brothers,4
999,council-chamber,4
1000,status,4
1001,skin,4
1002,mad,4
1003,knows,4
1004,galeni,4
1005,opera,4
1006,peripatetics,4
1007,feel,4
1008,becomes,4
1009,opposed,4
1010,character,4
1011,fell,4
1012,middle,4
1013,appear,4
1014,dense,4
1015,bitten,4
1016,ionia,4
1017,attic,4
1018,reliable,4
1019,toward,4
1020,sea-battles,4
1021,opinion,4
1022,altogether,4
1023,ages,4
1024,marcus,4
1025,winter,4
1026,ultimately,4
1027,music,4
1028,agreement,4
1029,contains,4
1030,stop,4
1031,gather,4
1032,precisely,4
1033,attacked,4
1034,occurs,4
1035,remind,4
1036,commentators,4
1037,thoroughly,4
1038,secretions,4
1039,followers,4
1040,hammond,4
1041,wanted,4
1042,argued,4
1043,expectations,4
1044,cyprus,4
1045,features,4
1046,occupy,4
1047,conclusion,4
1048,lived,4
1049,race,4
1050,hellenica,4
1051,furthermore,4
1052,risk,4
1053,completely,4
1054,differences,4
1055,climate,4
1056,wondrous,4
1057,tanagra,4
1058,diodes,4
1059,urging,4
1060,former,4
1061,consideration,4
1062,search,4
1063,observe,4
1064,arose,4
1065,ff,4
1066,justly,4
1067,clarendon,4
1068,likely,4
1069,lower,4
1070,turned,4
1071,library,4
1072,alcibiades,4
1073,somehow,4
1074,readily,4
1075,opponents,4
1076,sm,4
1077,details,4
1078,held,4
1079,get,4
1080,explanation,4
1081,analysis,4
1082,masters,4
1083,standard,4
1084,correct,4
1085,wise,4
1086,pay,4
1087,lack,4
1088,phlebotomy,4
1089,divided,4
1090,invisible,4
1091,delivered,4
1092,entire,4
1093,period,4
1094,hundred,4
1095,particularly,4
1096,framework,4
1097,attributes,4
1098,harmful,4
1099,basic,4
1100,followed,4
1101,recognize,4
1102,critically,4
1103,defense,4
1104,dispositions,4
1105,frede,4
1106,late,4
1107,continue,4
1108,ancients,4
1109,rusten,4
1110,empirikerschule,4
1111,measure,4
1112,aurelius,4
1113,encountered,4
1114,choice,4
1115,listen,4
1116,major,4
1117,bear,4
1118,mothers,4
1119,opportunity,4
1120,islands,4
1121,trying,4
1122,calls,4
1123,goodwill,4
1124,corpus,4
1125,hold,4
1126,home,4
1127,gomme,4
1128,sons,4
1129,illness,4
1130,occur,4
1131,abundance,4
1132,griechische,4
1133,eretria,4
1134,face,4
1135,calculation,4
1136,rule,4
1137,sphacteria,4
1138,eretrians,4
1139,classical,4
1140,fall,4
1141,multitude,4
1142,inferred,4
1143,ill,4
1144,invariably,4
1145,helmreich,4
1146,fortune,4
1147,resolution,4
1148,grief,4
1149,persons,4
1150,ionian,4
1151,monographs,4
1152,providing,4
1153,fate,4
1154,costiveness,4
1155,add,4
1156,trust,4
1157,previously,4
1158,happiness,4
1159,nurtured,4
1160,synthesis,4
1161,laxatives,4
1162,read,4
1163,badly,4
1164,leipzig,4
1165,consists,4
1166,until,4
1167,goodness,4
1168,devoted,4
1169,ars,4
1170,engagement,4
1171,mother,4
1172,name,4
1173,negative,4
1174,physics,4
1175,superfluous,4
1176,bore,4
1177,saw,4
1178,constricted,4
1179,complex,4
1180,beauty,4
1181,eclecticism,4
1182,capable,4
1183,expert,4
1184,galenic,4
1185,sentence,4
1186,ordinary,4
1187,works,4
1188,world,4
1189,side,4
1190,change,4
1191,traditionally,4
1192,powers,4
1193,high,4
1194,level,4
1195,behind,4
1196,chance,4
1197,social,4
1198,relying,4
1199,earth,4
1200,fighting,4
1201,deny,4
1202,xenophon,4
1203,vast,4
1204,declare,4
1205,claiming,4
1206,burial,4
1207,discord,4
1208,naval,4
1209,successful,4
1210,zeus,4
1211,centuries,4
1212,ready,4
1213,padua,3
1214,legs,3
1215,successfully,3
1216,vengeance,3
1217,policy,3
1218,address,3
1219,e,3
1220,s,3
1221,w,3
1222,accumulated,3
1223,violent,3
1224,uvula,3
1225,harm,3
1226,discharged,3
1227,city's,3
1228,conjunction,3
1229,smyrna,3
1230,function,3
1231,including,3
1232,university,3
1233,twofold,3
1234,distinguished,3
1235,contemporaries,3
1236,expedition,3
1237,supply,3
1238,leg,3
1239,beautiful,3
1240,undue,3
1241,dilated,3
1242,thirty,3
1243,perfectly,3
1244,fashion,3
1245,surely,3
1246,adorned,3
1247,aspects,3
1248,resistant,3
1249,moderation,3
1250,meros,3
1251,destroy,3
1252,deemed,3
1253,pretext,3
1254,meant,3
1255,interests,3
1256,possession,3
1257,accustomed,3
1258,island,3
1259,epicureans,3
1260,formal,3
1261,ample,3
1262,relied,3
1263,elsewhere,3
1264,relies,3
1265,lectures,3
1266,unlike,3
1267,involve,3
1268,legal,3
1269,regarding,3
1270,final,3
1271,blessed,3
1272,helping,3
1273,thick,3
1274,latin,3
1275,lying,3
1276,nobility,3
1277,listeners,3
1278,trustworthy,3
1279,terrible,3
1280,background,3
1281,befits,3
1282,stake,3
1283,witness,3
1284,moderate,3
1285,myself,3
1286,highest,3
1287,athena,3
1288,won',3
1289,sea-battle,3
1290,increasing,3
1291,progress,3
1292,treat,3
1293,forced,3
1294,disagree,3
1295,revolt,3
1296,rhetoricians,3
1297,relation,3
1298,knowing,3
1299,defended,3
1300,ear,3
1301,existence,3
1302,olive,3
1303,failed,3
1304,advantage,3
1305,polus,3
1306,temple,3
1307,exception,3
1308,saved,3
1309,urge,3
1310,inspired,3
1311,community,3
1312,version,3
1313,immediately,3
1314,occupations,3
1315,logical,3
1316,spring,3
1317,looseness,3
1318,finely,3
1319,calamity,3
1320,fails,3
1321,mistake,3
1322,special,3
1323,sweat,3
1324,gift,3
1325,told,3
1326,turns,3
1327,practitioner,3
1328,indicates,3
1329,share,3
1330,positions,3
1331,individually,3
1332,plataea,3
1333,influenced,3
1334,respective,3
1335,engage,3
1336,victories,3
1337,decided,3
1338,relaxation,3
1339,continent,3
1340,stayed,3
1341,remains,3
1342,objections,3
1343,sciences,3
1344,corinthians,3
1345,detailed,3
1346,modest,3
1347,determined,3
1348,berlin,3
1349,happened,3
1350,peripatetic,3
1351,discoveries,3
1352,sides,3
1353,distinction,3
1354,marked,3
1355,unworthy,3
1356,politics,3
1357,win,3
1358,fluids,3
1359,doubts,3
1360,sure,3
1361,formed,3
1362,ca,3
1363,humanity,3
1364,attacks,3
1365,contraries,3
1366,pursuits,3
1367,skill,3
1368,attended,3
1369,counter,3
1370,context,3
1371,verb,3
1372,tumour,3
1373,ability,3
1374,la,3
1375,agora,3
1376,ruling,3
1377,possessed,3
1378,schematic,3
1379,chosen,3
1380,student,3
1381,lowly,3
1382,sympathy,3
1383,brief,3
1384,settled,3
1385,adopt,3
1386,discovered,3
1387,origins,3
1388,single,3
1389,generations,3
1390,trophies,3
1391,obscure,3
1392,failure,3
1393,cold,3
1394,honey,3
1395,securing,3
1396,xi,3
1397,nicias,3
1398,problem,3
1399,misfortune,3
1400,healing,3
1401,development,3
1402,efforts,3
1403,note,3
1404,everybody,3
1405,suffices,3
1406,nose,3
1407,confidence,3
1408,york,3
1409,contributions,3
1410,chios,3
1411,anybody,3
1412,plausible,3
1413,speaks,3
1414,contributed,3
1415,minora,3
1416,young,3
1417,named,3
1418,foreigners,3
1419,considered,3
1420,assumed,3
1421,engaged,3
1422,stoic,3
1423,accordingly,3
1424,names,3
1425,everyone,3
1426,disagreed,3
1427,rarely,3
1428,unclear,3
1429,pyrrhonean,3
1430,edited,3
1431,difference,3
1432,facts,3
1433,anyway,3
1434,arts,3
1435,gives,3
1436,attend,3
1437,goods,3
1438,realize,3
1439,wars,3
1440,evacuated,3
1441,effort,3
1442,eupsuchia,3
1443,muller,3
1444,stomach,3
1445,assumptions,3
1446,twice,3
1447,deserve,3
1448,mean,3
1449,appreciate,3
1450,tells,3
1451,answer,3
1452,putting,3
1453,thickness,3
1454,sometimes,3
1455,correctly,3
1456,talk,3
1457,introductory,3
1458,primarily,3
1459,killed,3
1460,envy,3
1461,arguing,3
1462,soon,3
1463,translations,3
1464,platonic,3
1465,epistemology,3
1466,conquered,3
1467,gathered,3
1468,strife,3
1469,master,3
1470,reflect,3
1471,meth,3
1472,excess,3
1473,particulars,3
1474,accordance,3
1475,independence,3
1476,honors,3
1477,crews,3
1478,campaign,3
1479,systematically,3
1480,wonder,3
1481,inferior,3
1482,softness,3
1483,secreted,3
1484,alexandria,3
1485,foreign,3
1486,established,3
1487,caused,3
1488,runs,3
1489,reference,3
1490,chamber,3
1491,simpl,3
1492,depart,3
1493,praising,3
1494,speaker,3
1495,fame,3
1496,error,3
1497,causis,3
1498,quantity,3
1499,references,3
1500,eurymedon,3
1501,poor,3
1502,younger,3
1503,rhetorical,3
1504,invasion,3
1505,qualities,3
1506,moved,3
1507,nourishment,3
1508,universally,3
1509,soldiers,3
1510,hellespont,3
1511,pushed,3
1512,tendency,3
1513,ago,3
1514,aim,3
1515,defeat,3
1516,yield,3
1517,poverty,3
1518,worth,3
1519,vice,3
1520,esteem,3
1521,noticed,3
1522,philological,3
1523,becoming,3
1524,ours,3
1525,yourself,3
1526,difficulty,3
1527,edition,3
1528,substance,3
1529,cast,3
1530,repr,3
1531,settle,3
1532,dared,3
1533,beautifully,3
1534,epilogism,3
1535,reject,3
1536,interruption,3
1537,latter,3
1538,simply,3
1539,sponge,3
1540,parians,3
1541,andreia,3
1542,admiration,3
1543,developed,3
1544,sources,3
1545,avoid,3
1546,advanced,3
1547,scythia,3
1548,convinced,3
1549,majority,3
1550,animals,3
1551,grasped,3
1552,unrealizable,3
1553,socrates',3
1554,amidst,3
1555,report,3
1556,lament,3
1557,manliness,3
1558,several,3
1559,encounters,3
1560,preserve,3
1561,establish,3
1562,apothneiskein,3
1563,control,3
1564,editions,3
1565,draws,3
1566,conditions,3
1567,extended,3
1568,referring,3
1569,texture,3
1570,incomprehension,3
1571,distinctions,3
1572,fragments,3
1573,wishes,3
1574,exhortation,3
1575,degree,3
1576,higher,3
1577,reach,3
1578,physicians,3
1579,justify,3
1580,range,3
1581,informed,3
1582,generals,3
1583,utterly,3
1584,lovers,3
1585,fled,3
1586,corresponding,3
1587,spoke,2
1588,reproach,2
1589,diogenes,2
1590,size,2
1591,accessible,2
1592,minds,2
1593,ordered,2
1594,h,2
1595,n,2
1596,straight,2
1597,destroyed,2
1598,r,2
1599,gaius,2
1600,gennaios,2
1601,surgery,2
1602,suffered,2
1603,besides,2
1604,serious,2
1605,sparta,2
1606,owed,2
1607,aside,2
1608,cowardice,2
1609,enjoined,2
1610,society,2
1611,nowhere,2
1612,provides,2
1613,plotting,2
1614,outlook,2
1615,gained,2
1616,omnia,2
1617,protection,2
1618,solemnly,2
1619,soranus,2
1620,produce,2
1621,picture,2
1622,adverbial,2
1623,minor,2
1624,straits,2
1625,pray,2
1626,raise,2
1627,postulation,2
1628,unwritten,2
1629,essences,2
1630,distinguishes,2
1631,tum,2
1632,manly,2
1633,prayed,2
1634,refused,2
1635,archinus,2
1636,refuses,2
1637,hippocratic,2
1638,principle,2
1639,thigh,2
1640,source,2
1641,unable,2
1642,bias,2
1643,starts,2
1644,reflection,2
1645,involves,2
1646,ultimate,2
1647,widely,2
1648,merit,2
1649,datis,2
1650,dominated,2
1651,house,2
1652,painful,2
1653,center,2
1654,suspicion,2
1655,lechaeum,2
1656,imitated,2
1657,remembered,2
1658,antiphon,2
1659,whoever,2
1660,enter,2
1661,coast,2
1662,primary,2
1663,teaching,2
1664,aided,2
1665,prop,2
1666,teleutan,2
1667,merely,2
1668,causality,2
1669,alliance,2
1670,tell,2
1671,shown,2
1672,disappeared,2
1673,exhort,2
1674,stays,2
1675,perceived,2
1676,banished,2
1677,ageless,2
1678,evolved,2
1679,depending,2
1680,poseidon,2
1681,carefully,2
1682,past,2
1683,mourning,2
1684,epicurean,2
1685,compare,2
1686,democritus,2
1687,distinctive,2
1688,acquisition,2
1689,business,2
1690,medieval,2
1691,repelled,2
1692,paul,2
1693,added,2
1694,test,2
1695,remained,2
1696,custom,2
1697,und,2
1698,rhetorician,2
1699,showing,2
1700,invincible,2
1701,construct,2
1702,thirteenth,2
1703,contents,2
1704,served,2
1705,renown,2
1706,government,2
1707,competed,2
1708,lamprus,2
1709,forward,2
1710,lacks,2
1711,presumably,2
1712,nostrils,2
1713,liked,2
1714,arrangement,2
1715,concentrated,2
1716,bearing,2
1717,ideas,2
1718,establishment,2
1719,interrupted,2
1720,nonetheless,2
1721,threat,2
1722,depend,2
1723,danger,2
1724,observes,2
1725,meaning,2
1726,above,2
1727,allied,2
1728,substantial,2
1729,unobservable,2
1730,animal,2
1731,receives,2
1732,shared,2
1733,destruction,2
1734,polis,2
1735,appeal,2
1736,everyday,2
1737,holds,2
1738,wool,2
1739,suffering,2
1740,numbers,2
1741,seven,2
1742,eclectic,2
1743,uneasiness,2
1744,bears,2
1745,grounds,2
1746,surpassing,2
1747,tegni,2
1748,constrictives,2
1749,lamachus,2
1750,winning,2
1751,eagerly,2
1752,money,2
1753,forever,2
1754,tribute,2
1755,base,2
1756,trend,2
1757,attempts,2
1758,worn,2
1759,lose,2
1760,books,2
1761,convince,2
1762,literary,2
1763,enjoy,2
1764,foundation,2
1765,across,2
1766,sends,2
1767,illnesses,2
1768,mss,2
1769,spell,2
1770,capture,2
1771,qualification,2
1772,preparing,2
1773,spend,2
1774,controversy,2
1775,timaeus,2
1776,markedly,2
1777,conception,2
1778,stretched,2
1779,elevated,2
1780,characterize,2
1781,severe,2
1782,eager,2
1783,ethics,2
1784,eulogy,2
1785,gorgias,2
1786,empeiria,2
1787,vexed,2
1788,wrote,2
1789,volume,2
1790,responsible,2
1791,scyros,2
1792,rich,2
1793,deliberate,2
1794,eleusis,2
1795,nat,2
1796,eumolpus,2
1797,weapons,2
1798,indicated,2
1799,isles,2
1800,withstand,2
1801,sharp,2
1802,preceding,2
1803,techne,2
1804,pages,2
1805,surviving,2
1806,emptied,2
1807,plutarch,2
1808,tribe,2
1809,thebans,2
1810,re-establishment,2
1811,dreams,2
1812,running,2
1813,define,2
1814,chose,2
1815,harder,2
1816,render,2
1817,endeavor,2
1818,represented,2
1819,dance,2
1820,expected,2
1821,students,2
1822,knack,2
1823,poison,2
1824,fortunate,2
1825,persuade,2
1826,wealthy,2
1827,incomplete,2
1828,imagine,2
1829,cynossema,2
1830,nearly,2
1831,central,2
1832,derived,2
1833,thoughts,2
1834,grew,2
1835,play,2
1836,fac,2
1837,decide,2
1838,pleases,2
1839,issues,2
1840,instruments,2
1841,endured,2
1842,counsel,2
1843,prevail,2
1844,fever,2
1845,enabled,2
1846,gain,2
1847,sentenced,2
1848,occasionally,2
1849,noteworthy,2
1850,indebted,2
1851,constantly,2
1852,presented,2
1853,pharmacology,2
1854,otherwise,2
1855,sung,2
1856,solely,2
1857,exceptions,2
1858,effects,2
1859,pathology,2
1860,unexpected,2
1861,necessarily,2
1862,parallel,2
1863,dialogue,2
1864,platonist,2
1865,al,2
1866,turning,2
1867,prove,2
1868,admire,2
1869,genre,2
1870,scarcely,2
1871,foot,2
1872,keeping,2
1873,perceiving,2
1874,language,2
1875,accomplished,2
1876,rare,2
1877,criticism,2
1878,mainland,2
1879,et,2
1880,intervened,2
1881,manhood,2
1882,frame,2
1883,fatherland,2
1884,divide,2
1885,stallbaum,2
1886,class,2
1887,kept,2
1888,layman,2
1889,rash,2
1890,presents,2
1891,dion,2
1892,divine,2
1893,aurelius's,2
1894,off-hand,2
1895,disputed,2
1896,index,2
1897,disputes,2
1898,hornblower,2
1899,contrast,2
1900,literature,2
1901,sending,2
1902,remembrance,2
1903,slaughtered,2
1904,kingship,2
1905,athenians',2
1906,ergon,2
1907,echein,2
1908,ll,2
1909,ma,2
1910,colonies,2
1911,contest,2
1912,expansion,2
1913,oil,2
1914,heal,2
1915,allows,2
1916,families,2
1917,drew,2
1918,ph,2
1919,easier,2
1920,strategic,2
1921,discipline,2
1922,extremely,2
1923,lysis,2
1924,re,2
1925,cognitive,2
1926,starting,2
1927,device,2
1928,conservative,2
1929,activity,2
1930,compelled,2
1931,aiding,2
1932,decision,2
1933,urine,2
1934,rules,2
1935,revolted,2
1936,invading,2
1937,sees,2
1938,region,2
1939,praises,2
1940,frightened,2
1941,changed,2
1942,libr,2
1943,yoke,2
1944,pure,2
1945,lies,2
1946,teach,2
1947,superior,2
1948,thessaly,2
1949,surrounding,2
1950,procatarcticis,2
1951,fortifications,2
1952,zu,2
1953,puts,2
1954,ended,2
1955,self,2
1956,classicists,2
1957,mathematical,2
1958,sound,2
1959,drug,2
1960,xiv,2
1961,judged,2
1962,line,2
1963,oath,2
1964,wild,2
1965,intend,2
1966,functions,2
1967,recognized,2
1968,constrict,2
1969,evacuate,2
1970,independent,2
1971,combined,2
1972,adopted,2
1973,acceptable,2
1974,imitate,2
1975,possessions,2
1976,amounts,2
1977,peloponnesians,2
1978,fated,2
1979,ingenuity,2
1980,vanquished,2
1981,psychology,2
1982,treasure,2
1983,perform,2
1984,injustice,2
1985,bleeding,2
1986,approach,2
1987,pergameni,2
1988,wage,2
1989,slowly,2
1990,strongly,2
1991,egyptian,2
1992,syncretistic,2
1993,magnificent,2
1994,denser,2
1995,laid,2
1996,consequence,2
1997,discussed,2
1998,members,2
1999,void,2
2000,accumulation,2
2001,kings,2
2002,reconcile,2
2003,fruit,2
2004,sacrifices,2
2005,foremost,2
2006,bardong,2
2007,experience',2
2008,mankind,2
2009,uncover,2
2010,abnormal,2
2011,reality,2
2012,actions,2
2013,sophisticated,2
2014,sanctioned,2
2015,escape,2
2016,limits,2
2017,receive,2
2018,representatives,2
2019,friendship,2
2020,till,2
2021,medica,2
2022,offers,2
2023,insufficient,2
2024,megategni,2
2025,courageous,2
2026,ends,2
2027,abydos,2
2028,forming,2
2029,analogism,2
2030,universities,2
2031,deprive,2
2032,struggle,2
2033,repleted,2
2034,lesson,2
2035,light,2
2036,methods,2
2037,confirmed,2
2038,emphasized,2
2039,methodo,2
2040,grown,2
2041,barren,2
2042,chap,2
2043,lesbos,2
2044,emulate,2
2045,repeatedly,2
2046,stimulate,2
2047,camps,2
2048,deserted,2
2049,reveals,2
2050,correspondingly,2
2051,induced,2
2052,alternative,2
2053,heracleidae,2
2054,strict,2
2055,soft,2
2056,limitations,2
2057,intellect,2
2058,boeotia,2
2059,preference,2
2060,court,2
2061,unwilling,2
2062,boeotians,2
2063,assembly,2
2064,subjects,2
2065,walzer's,2
2066,listener,2
2067,absurd,2
2068,immediate,2
2069,sole,2
2070,self-sufficient,2
2071,mercenaries,2
2072,strictly,2
2073,michael,2
2074,existing,2
2075,uncritically,2
2076,pertains,2
2077,accompanies,2
2078,impression,2
2079,speculations,2
2080,phenomenon,2
2081,eight,2
2082,bibliography,2
2083,concerned,2
2084,inheritance,2
2085,serve,2
2086,steps,2
2087,forget,2
2088,infer,2
2089,toils,2
2090,advise,2
2091,akad,2
2092,falling,2
2093,immune,2
2094,impressive,2
2095,discredit,2
2096,writer,2
2097,feared,2
2098,logos,2
2099,cover,2
2100,disastrous,2
2101,global,2
2102,bases,2
2103,unnatural,2
2104,denotes,2
2105,mastered,2
2106,showed,2
2107,miletus,2
2108,inside,2
2109,five,2
2110,hermann,2
2111,conflict,2
2112,rough,2
2113,gulf,2
2114,wants,2
2115,definition,2
2116,poet,2
2117,fallacious,2
2118,theology,2
2119,desirable,2
2120,slavery,2
2121,competing,2
2122,arise,2
2123,demosthenes,2
2124,reduced,2
2125,swelling,2
2126,enjoyment,2
2127,pride,2
2128,betrayed,2
2129,galenism,2
2130,decisively,2
2131,siege,2
2132,perfect,2
2133,impediment,2
2134,graceful,2
2135,harmed,2
2136,cyzicus,2
2137,struggles,2
2138,demonstrates,2
2139,diarrhea,2
2140,dignified,2
2141,laxation,2
2142,oligarchic,2
2143,ibid,2
2144,enslave,2
2145,constructed,2
2146,cyrus,2
2147,insisted,2
2148,normally,2
2149,imbros,2
2150,corinthian,2
2151,fairly,2
2152,aggressive,2
2153,calling,2
2154,senses,2
2155,isagoge,2
2156,escaped,2
2157,nonmanifest,2
2158,hesitate,2
2159,united,2
2160,treachery,2
2161,democratic,2
2162,morale,2
2163,aegean,2
2164,thrasybulus,2
2165,bithynia,2
2166,system,2
2167,confident,2
2168,accommodate,2
2169,outcome,2
2170,movement,2
2171,spur,2
2172,unhealthy,2
2173,real,2
2174,expense,2
2175,equipped,2
2176,dogmatists,2
2177,minute,2
2178,foods,2
2179,legend,2
2180,unmixed,2
2181,using,2
2182,broke,2
2183,containing,2
2184,proofs,2
2185,c.g.,2
2186,accuse,2
2187,aristocracy,2
2188,handed,2
2189,notion,2
2190,arm,2
2191,disagreements,2
2192,disregard,2
2193,offices,2
2194,lifetime,2
2195,run,2
2196,justified,2
2197,worse,2
2198,camp,2
2199,themison,2
2200,absence,2
2201,prospects,2
2202,description,2
2203,introduce,2
2204,commotion,2
2205,imitative,2
2206,collected,2
2207,unpolitical,2
2208,amnesty,2
2209,looser,2
2210,cash,2
2211,longing,2
2212,feminine,2
2213,criticizes,2
2214,questionable,2
2215,voluminous,2
2216,navy,2
2217,obscurity,2
2218,misgivings,2
2219,described,2
2220,heartened,2
2221,sheds,2
2222,sad,2
2223,sheer,2
2224,increase,2
2225,favor,2
2226,treating,2
2227,reflected,2
2228,angry,2
2229,greatly,2
2230,victorious,2
2231,indicate,2
2232,sixty,2
2233,founded,2
2234,procedure,2
2235,practiced,2
2236,discharge,2
2237,complain,2
2238,leanings,2
2239,explained,2
2240,unfair,2
2241,empedocles,2
2242,historia,2
2243,bound,2
2244,false,2
2245,comprehensive,2
2246,advances,2
2247,deinosophists,2
2248,practitioners,2
2249,exclusively,2
2250,john,2
2251,secondly,2
2252,payments,2
2253,cicero,2
2254,punishment,2
2255,instruction,2
2256,reminding,2
2257,northern,2
2258,sailed,2
2259,expressed,2
2260,directly,2
2261,disruption,2
2262,roots,2
2263,plays,2
2264,interesting,2
2265,emulation,2
2266,thucydides',2
2267,baltimore,2
2268,coherent,2
2269,buried,2
2270,pains,2
2271,inadequate,2
2272,remaining,2
2273,lemnos,2
2274,surrendered,2
2275,sum,2
2276,unusually,2
2277,current,2
2278,managed,2
2279,orations,2
2280,unequal,2
2281,written,2
2282,fills,2
2283,records,2
2284,conflicts,2
2285,hipp,2
2286,passing,2
2287,tested,2
2288,peloponnese,2
2289,hist,2
2290,guide,2
2291,rightly,2
2292,drank,2
2293,deprived,2
2294,laborious,2
2295,provoked,2
2296,unsuccessful,2
2297,weak,2
2298,seeing,2
2299,cease,2
2300,adequate,2
2301,begun,2
2302,leaders,2
2303,describing,2
2304,patients,2
2305,acknowledged,2
2306,flee,2
2307,privately,2
2308,illustrious,2
2309,fragment,2
2310,tends,2
2311,prepare,1
2312,half,1
2313,bearable,1
2314,pretend,1
2315,belles,1
2316,stalemate,1
2317,ilberg,1
2318,warrant,1
2319,sake,1
2320,passato,1
2321,rhein,1
2322,phil.,1
2323,isopaleis,1
2324,incited,1
2325,applies,1
2326,temper,1
2327,reserved,1
2328,begetting,1
2329,object,1
2330,aphiestluli,1
2331,notable,1
2332,balanced,1
2333,hans,1
2334,venous,1
2335,opposition,1
2336,polemion,1
2337,procedures,1
2338,tarent,1
2339,attica,1
2340,subsuming,1
2341,apollonia,1
2342,neighbor,1
2343,logismos,1
2344,entering,1
2345,knack',1
2346,meridier,1
2347,piraeus,1
2348,resolve,1
2349,zealously,1
2350,amounted,1
2351,pervade,1
2352,innumerous,1
2353,persuasiveness,1
2354,oeuvres,1
2355,laugh,1
2356,fashions,1
2357,check,1
2358,extirpate,1
2359,survivors,1
2360,burnyeat,1
2361,scholars,1
2362,cic,1
2363,applied,1
2364,effecting,1
2365,cadmean,1
2366,predecessors',1
2367,anticipation,1
2368,motivi,1
2369,roof,1
2370,conducive,1
2371,approval,1
2372,uselessness,1
2373,marquardt,1
2374,pierluigi,1
2375,philo,1
2376,aenesidemus,1
2377,permit,1
2378,conventionallythought,1
2379,immortal,1
2380,loved,1
2381,manuscripts,1
2382,chills,1
2383,poets,1
2384,considering,1
2385,mempsin,1
2386,propose,1
2387,bringing,1
2388,autopsia,1
2389,save,1
2390,respectively,1
2391,top,1
2392,syndrome,1
2393,orderly,1
2394,tow,1
2395,avail,1
2396,philosopher',1
2397,additions,1
2398,reminder,1
2399,vinegar,1
2400,discouraged,1
2401,intellectual,1
2402,reclaim,1
2403,reminded,1
2404,rose,1
2405,scientifically,1
2406,markers,1
2407,cos,1
2408,pleas,1
2409,eretrian,1
2410,plead,1
2411,academic,1
2412,hated,1
2413,comparison,1
2414,lay,1
2415,differs,1
2416,revert,1
2417,successive,1
2418,conflicting,1
2419,constituted,1
2420,specialized,1
2421,technique,1
2422,renowned,1
2423,teaches,1
2424,detrimental,1
2425,aeschrion,1
2426,wounded,1
2427,resurgence,1
2428,whence,1
2429,philokaltnai,1
2430,lengths,1
2431,stable,1
2432,respond,1
2433,caught,1
2434,unmanliness,1
2435,pity,1
2436,realizable,1
2437,pact,1
2438,medications,1
2439,les,1
2440,warring,1
2441,tonsils,1
2442,theorem,1
2443,distrustful,1
2444,cut,1
2445,probably,1
2446,unfitting,1
2447,fallacies,1
2448,logica,1
2449,hackett,1
2450,reported,1
2451,creation,1
2452,authenticity,1
2453,withdrawal,1
2454,libya,1
2455,emphatically,1
2456,laboring,1
2457,unmanly,1
2458,demanded,1
2459,privileges,1
2460,ctesippus,1
2461,rescuing,1
2462,paying,1
2463,dying,1
2464,lit,1
2465,homes,1
2466,homer,1
2467,tension,1
2468,judgments,1
2469,labeled,1
2470,verbal,1
2471,surprising,1
2472,privileged,1
2473,ancestral,1
2474,opposites,1
2475,fixed,1
2476,scientist,1
2477,unobvious,1
2478,millennium,1
2479,quod,1
2480,indefinite,1
2481,leftovers,1
2482,lifting,1
2483,attends,1
2484,agnostic,1
2485,convention,1
2486,unjust,1
2487,schriftstellerei,1
2488,start,1
2489,refusal,1
2490,enlarged,1
2491,dogmatist,1
2492,advised,1
2493,manage,1
2494,versed,1
2495,philodemus,1
2496,paid,1
2497,spared,1
2498,pre-history,1
2499,verses,1
2500,exacted,1
2501,feces,1
2502,incur,1
2503,scarring,1
2504,unholy,1
2505,required,1
2506,specifically,1
2507,attain,1
2508,allotted,1
2509,medicorum,1
2510,vomiting,1
2511,ivl-,1
2512,sarton,1
2513,entreated,1
2514,pyrrhonism,1
2515,judicial,1
2516,priori,1
2517,exponents,1
2518,competence,1
2519,overstates,1
2520,gracious,1
2521,arrangement-the,1
2522,conceptual,1
2523,artemisiurn,1
2524,idleness,1
2525,fellow,1
2526,outlines,1
2527,friendly,1
2528,hygieina,1
2529,launched,1
2530,shows,1
2531,commander,1
2532,affair,1
2533,majesty,1
2534,keeps,1
2535,oligarchies,1
2536,obtain,1
2537,metrobius,1
2538,ballester,1
2539,annoint,1
2540,unseemly,1
2541,instructor,1
2542,countless,1
2543,diffidence,1
2544,shored,1
2545,mathematics,1
2546,penetrate,1
2547,serapio,1
2548,tend,1
2549,guarded,1
2550,sixteen,1
2551,editors,1
2552,inaccessibility,1
2553,subscribe,1
2554,therapy,1
2555,persuaded,1
2556,xiii,1
2557,observationists,1
2558,concentration,1
2559,gratitude,1
2560,equitably,1
2561,interfere,1
2562,lectured,1
2563,demands,1
2564,ingred,1
2565,del,1
2566,der,1
2567,des,1
2568,finds,1
2569,penetrates,1
2570,principally,1
2571,adjudicate,1
2572,accepting,1
2573,lampros,1
2574,opportunely,1
2575,bile,1
2576,cadmus,1
2577,distinctively,1
2578,unconcealed,1
2579,beitrage,1
2580,adopting,1
2581,andgalen,1
2582,relative,1
2583,constringents,1
2584,influential,1
2585,virtues,1
2586,choosing,1
2587,existed,1
2588,composition,1
2589,iv.l-,1
2590,oligarchy,1
2591,mine,1
2592,ambassadors,1
2593,emergence,1
2594,lucius,1
2595,philosophically,1
2596,harmonizing,1
2597,fears,1
2598,habit,1
2599,forgotten,1
2600,unverifiable,1
2601,possibly,1
2602,journey,1
2603,milesians,1
2604,kinship,1
2605,impiety,1
2606,exhaust,1
2607,conviction,1
2608,publicly,1
2609,delium,1
2610,misleading,1
2611,armor,1
2612,acceptance,1
2613,learnt,1
2614,varies,1
2615,vehemently,1
2616,whomever,1
2617,humours,1
2618,delacy,1
2619,becoming-as,1
2620,heavier,1
2621,title,1
2622,progenitors,1
2623,bite,1
2624,engagements,1
2625,company,1
2626,continuation,1
2627,poetry,1
2628,permission,1
2629,generalities,1
2630,expands,1
2631,concerns,1
2632,permeate,1
2633,considerations,1
2634,travels,1
2635,faction,1
2636,briefdiscussion,1
2637,reared,1
2638,attempt,1
2639,characterizes,1
2640,randall,1
2641,unmethodical,1
2642,usually,1
2643,pitch,1
2644,calamities,1
2645,dearly,1
2646,minding,1
2647,hornblower's,1
2648,printed,1
2649,warned,1
2650,messages,1
2651,sensu,1
2652,evaluate,1
2653,judgment-to,1
2654,pours,1
2655,scattered,1
2656,egyptus,1
2657,rhet,1
2658,propagandist,1
2659,inflamation,1
2660,nurse,1
2661,twenty,1
2662,intone,1
2663,testifies,1
2664,assimilate,1
2665,zealous,1
2666,competes,1
2667,warlike,1
2668,ill-founded,1
2669,comparable,1
2670,m.c.,1
2671,defending,1
2672,presiding,1
2673,nursing,1
2674,galena,1
2675,esteemed,1
2676,galeno,1
2677,insofar,1
2678,combine,1
2679,perforated,1
2680,waste,1
2681,ideal,1
2682,motivated,1
2683,brunschwig,1
2684,dry,1
2685,pressure,1
2686,lists,1
2687,bonnet,1
2688,milesian,1
2689,gottingen,1
2690,conceive,1
2691,schubring,1
2692,forward-looking,1
2693,louis,1
2694,hostilities,1
2695,spartan-led,1
2696,attempting,1
2697,barley,1
2698,constituting,1
2699,rapidly,1
2700,intensity,1
2701,fright,1
2702,animi,1
2703,nourished,1
2704,materia,1
2705,mercy,1
2706,tamper,1
2707,inform,1
2708,avowed,1
2709,wilfully,1
2710,empirica,1
2711,refutes,1
2712,eluded,1
2713,divulge,1
2714,interlocutors,1
2715,height,1
2716,well-ordered,1
2717,beaten,1
2718,misjudged,1
2719,asclepius,1
2720,balm,1
2721,labor,1
2722,vastly,1
2723,regained,1
2724,consistently,1
2725,theorizing,1
2726,fifth-century,1
2727,prolific,1
2728,worlds,1
2729,participated,1
2730,cicero's,1
2731,wiping,1
2732,association,1
2733,arete,1
2734,lond,1
2735,shares,1
2736,thrasybulus',1
2737,examined,1
2738,cuts,1
2739,childhood,1
2740,reprisals,1
2741,stay,1
2742,controlled,1
2743,repelling,1
2744,associated,1
2745,experts,1
2746,far-fetched,1
2747,rapid,1
2748,chronology,1
2749,nicole,1
2750,bare,1
2751,heracles,1
2752,synoecism,1
2753,formidable,1
2754,abound,1
2755,funeral-and,1
2756,life-and,1
2757,wont,1
2758,conquest,1
2759,secures,1
2760,sections,1
2761,assurance,1
2762,scar,1
2763,sucked,1
2764,systematical,1
2765,charmed,1
2766,secured,1
2767,thatis,1
2768,apple,1
2769,admit,1
2770,friedlander,1
2771,sicilian,1
2772,propounded,1
2773,ihrem,1
2774,recently,1
2775,hostages,1
2776,overlook,1
2777,separated,1
2778,atomism,1
2779,yields,1
2780,ithaca,1
2781,versatility,1
2782,loss,1
2783,emphasizing,1
2784,constitute,1
2785,illgratified,1
2786,naturalis,1
2787,word,1
2788,stated,1
2789,aren',1
2790,healthier,1
2791,architect,1
2792,slave,1
2793,appearances,1
2794,misfortune-these,1
2795,believes,1
2796,writing,1
2797,dorian,1
2798,europe,1
2799,academy,1
2800,nurture,1
2801,lots,1
2802,alexander,1
2803,hasty,1
2804,exists,1
2805,incarnation,1
2806,specifics,1
2807,voice,1
2808,seduced,1
2809,craft,1
2810,juxtaposition,1
2811,subdued,1
2812,spasms,1
2813,discover,1
2814,imply,1
2815,thinner,1
2816,cavity,1
2817,superfluousness,1
2818,aristotelianism,1
2819,squeezed,1
2820,appointed,1
2821,dioscurides',1
2822,aulopsia,1
2823,mus,1
2824,enmity,1
2825,methodical,1
2826,few-though,1
2827,sardis,1
2828,repaying,1
2829,grave,1
2830,acron,1
2831,inhibitives,1
2832,command,1
2833,medlar,1
2834,prevailing,1
2835,optimal,1
2836,leading,1
2837,vii,1
2838,alsobelieved,1
2839,absent,1
2840,near,1
2841,victims,1
2842,marched,1
2843,lxii.,1
2844,economy,1
2845,planning,1
2846,selection,1
2847,guess,1
2848,ensued,1
2849,prudence,1
2850,usefulness,1
2851,connotation,1
2852,boldness,1
2853,andthis,1
2854,lacedaemonians,1
2855,refute,1
2856,immoderate,1
2857,hand.,1
2858,vainly,1
2859,pathway,1
2860,samos,1
2861,republic,1
2862,straps,1
2863,couldn,1
2864,narrate,1
2865,tyrannies,1
2866,surrender,1
2867,originally,1
2868,buildings,1
2869,preeminent,1
2870,sailing,1
2871,lasting,1
2872,metaphysical,1
2873,soaking,1
2874,carinthia,1
2875,roles,1
2876,indebtedness,1
2877,enslavement,1
2878,sixty-two,1
2879,stretch,1
2880,accomplish,1
2881,von,1
2882,spirited,1
2883,intentionally,1
2884,basely,1
2885,lines,1
2886,selecting,1
2887,subsumes,1
2888,toil,1
2889,chiefly,1
2890,couldn',1
2891,noted,1
2892,levelled,1
2893,achieved,1
2894,arisen,1
2895,j.h.,1
2896,family,1
2897,swear,1
2898,physiological,1
2899,wanting,1
2900,subjugated,1
2901,intestinum,1
2902,marveled,1
2903,grievously,1
2904,overcomewhatever,1
2905,succeeding,1
2906,narrow,1
2907,educating,1
2908,wives,1
2909,thousands,1
2910,quarry,1
2911,teachers-the,1
2912,drives,1
2913,compose,1
2914,expulsion,1
2915,parola,1
2916,swell,1
2917,underplays,1
2918,ravaged,1
2919,encourage,1
2920,vacuum,1
2921,medes,1
2922,era,1
2923,amiss,1
2924,punished,1
2925,elegant,1
2926,tome,1
2927,rift,1
2928,patient's,1
2929,phocian,1
2930,hemorrhoids,1
2931,ofthe,1
2932,strongest,1
2933,six-day,1
2934,commentaries,1
2935,jars,1
2936,mores,1
2937,degradation,1
2938,autonomous,1
2939,naked,1
2940,losses,1
2941,finest,1
2942,neoclassicist,1
2943,empties,1
2944,conceptions,1
2945,deliberative,1
2946,charlatan,1
2947,well-founded,1
2948,deed-such,1
2949,articulate,1
2950,driving,1
2951,traverse,1
2952,substituted,1
2953,races,1
2954,heautous,1
2955,bestowed,1
2956,pillows,1
2957,outnumbered,1
2958,graciously,1
2959,boundary,1
2960,torn,1
2961,ignobly,1
2962,elderly,1
2963,dispelled,1
2964,influences,1
2965,commensurate,1
2966,haven,1
2967,obtains,1
2968,risks,1
2969,eleusinian,1
2970,inherited,1
2971,pro-athenian,1
2972,spurious,1
2973,developments,1
2974,dunamis,1
2975,inductive,1
2976,oddity,1
2977,maintain,1
2978,shift,1
2979,harmonization,1
2980,differently,1
2981,fully,1
2982,models,1
2983,j.s.,1
2984,deserved,1
2985,impassive,1
2986,associations,1
2987,feels,1
2988,simultaneous,1
2989,literal,1
2990,knowledgeable,1
2991,departs,1
2992,siding,1
2993,discovering,1
2994,oftentimes,1
2995,liberation,1
2996,arouse,1
2997,recovered,1
2998,embellish,1
2999,describe,1
3000,supported,1
3001,fetched,1
3002,dwelt,1
3003,greek-for,1
3004,recapture,1
3005,boast,1
3006,research,1
3007,tetralogies,1
3008,retaining,1
3009,kalas,1
3010,wounds,1
3011,town,1
3012,reconstruct,1
3013,relaxations,1
3014,medendi,1
3015,institutio,1
3016,ignorance,1
3017,embarrassing,1
3018,inflow,1
3019,designs,1
3020,fields,1
3021,involving,1
3022,migrate,1
3023,blind,1
3024,pylos,1
3025,admittedly,1
3026,vested,1
3027,hurriedly,1
3028,shied,1
3029,herophileans,1
3030,statement,1
3031,memorial,1
3032,capitulating,1
3033,news,1
3034,conquer,1
3035,possessor,1
3036,clear-cut,1
3037,colon,1
3038,attempted,1
3039,container,1
3040,counterattack,1
3041,recalls,1
3042,quickly,1
3043,hatred,1
3044,plat,1
3045,recited,1
3046,promising,1
3047,depends,1
3048,double,1
3049,instituted,1
3050,comfortably,1
3051,plac,1
3052,contention,1
3053,explicit,1
3054,invasions,1
3055,prizes,1
3056,rusten's,1
3057,inhabited,1
3058,suit,1
3059,bemerkungen,1
3060,enormously,1
3061,villainy,1
3062,direct,1
3063,piety,1
3064,tragic,1
3065,regimes-,1
3066,exiles,1
3067,friend's,1
3068,sided,1
3069,meanings,1
3070,veneration,1
3071,proceeded,1
3072,pleased,1
3073,intestines,1
3074,widows,1
3075,wondered,1
3076,athens',1
3077,didn',1
3078,galien,1
3079,wormed,1
3080,king's,1
3081,provoke,1
3082,letting,1
3083,dryden,1
3084,tangle,1
3085,orient,1
3086,borne,1
3087,strait,1
3088,voyage,1
3089,personally,1
3090,outside,1
3091,marker,1
3092,privately-motivated,1
3093,produces,1
3094,unfavorable,1
3095,topic,1
3096,raid,1
3097,weigh,1
3098,crucial,1
3099,drinks,1
3100,faith,1
3101,meyerhoff,1
3102,remark,1
3103,uber,1
3104,strive,1
3105,rearing,1
3106,didn,1
3107,selective,1
3108,synoecism-his,1
3109,regimens,1
3110,diminish,1
3111,surpass,1
3112,administrative,1
3113,visit,1
3114,fulfillment,1
3115,inhabitants,1
3116,parent,1
3117,dign,1
3118,voted,1
3119,fin,1
3120,b-,1
3121,consigning,1
3122,fit,1
3123,skins,1
3124,analyzing,1
3125,platonism,1
3126,neglect,1
3127,ac,1
3128,grow,1
3129,shrink,1
3130,posterior,1
3131,c-,1
3132,panic,1
3133,ar,1
3134,interpretation,1
3135,itnow,1
3136,plato',1
3137,empire's,1
3138,accusing,1
3139,sudden,1
3140,gluing,1
3141,hating,1
3142,charge,1
3143,backward-looking,1
3144,magna,1
3145,co,1
3146,platon,1
3147,seemly,1
3148,freely,1
3149,acquisitions,1
3150,clarify,1
3151,congenial,1
3152,arterial,1
3153,excessively,1
3154,thinness,1
3155,meaningful,1
3156,familial,1
3157,exclude,1
3158,expelled,1
3159,precedes,1
3160,en,1
3161,confrontation,1
3162,knife,1
3163,piece,1
3164,aspasia',1
3165,wiles,1
3166,garb,1
3167,carry,1
3168,necessity,1
3169,burden,1
3170,random,1
3171,isthmus,1
3172,eudemus,1
3173,confirms,1
3174,proverb,1
3175,prosperity,1
3176,reporting,1
3177,recalled,1
3178,vi.l.,1
3179,b.c.-during,1
3180,gate,1
3181,hellenic,1
3182,significantly,1
3183,withdraw,1
3184,chamber.,1
3185,placed,1
3186,public-spirited,1
3187,welfare,1
3188,hippokrates,1
3189,nurturing,1
3190,contemplate,1
3191,burnt,1
3192,burns,1
3193,encouraging,1
3194,maturity,1
3195,townsmen,1
3196,kegan,1
3197,carne,1
3198,announce,1
3199,lively,1
3200,connon,1
3201,supplement,1
3202,liddell,1
3203,viii.ss.,1
3204,continuing,1
3205,xenophon's,1
3206,perceivedto,1
3207,recovering,1
3208,unfelt,1
3209,jr,1
3210,majestic,1
3211,gibberish,1
3212,eventually,1
3213,extraordinarily,1
3214,dire,1
3215,customary,1
3216,delight,1
3217,kl,1
3218,orat,1
3219,proliferation,1
3220,knew,1
3221,ofa,1
3222,clearing,1
3223,knee,1
3224,contended,1
3225,troublesome,1
3226,seriousness,1
3227,fun,1
3228,accomplishment,1
3229,mattered,1
3230,apragmona,1
3231,edge,1
3232,limit,1
3233,dominating,1
3234,turmoil,1
3235,confronted,1
3236,flowing,1
3237,appetites,1
3238,amazon,1
3239,aristophanes',1
3240,dream,1
3241,squander,1
3242,immortality,1
3243,abundantly,1
3244,earthenware,1
3245,careful,1
3246,panic-stricken,1
3247,head,1
3248,preparations,1
3249,elders,1
3250,erysipelas,1
3251,thermopylae,1
3252,imported,1
3253,deboer,1
3254,rarefaction,1
3255,occupied,1
3256,rescue,1
3257,recover,1
3258,determine,1
3259,considerably,1
3260,cousin,1
3261,pa,1
3262,memorials,1
3263,connus,1
3264,arginusae,1
3265,greeks',1
3266,ps,1
3267,falsehood,1
3268,courtesan,1
3269,stretching,1
3270,walsh,1
3271,mytilene,1
3272,exercises,1
3273,clever,1
3274,l-in,1
3275,true-we,1
3276,recent,1
3277,aguileia,1
3278,breaking,1
3279,aphiesthai,1
3280,rd,1
3281,concepts,1
3282,wander,1
3283,singular,1
3284,madrid,1
3285,executed,1
3286,axioms,1
3287,variety,1
3288,george,1
3289,whomever's,1
3290,apart,1
3291,souls,1
3292,speculate,1
3293,heed,1
3294,flower,1
3295,dialogues,1
3296,puls,1
3297,closed,1
3298,flowed,1
3299,belknap,1
3300,remarkably,1
3301,austerely,1
3302,ruler,1
3303,trustworthiness,1
3304,ruled,1
3305,embracing,1
3306,capturing,1
3307,satisfactory,1
3308,hides,1
3309,waters,1
3310,authoritative,1
3311,usual,1
3312,v-lxii,1
3313,unencumbered,1
3314,suppose,1
3315,ve,1
3316,remarkable,1
3317,emendation,1
3318,solve,1
3319,diodes',1
3320,support,1
3321,divinely,1
3322,consoling,1
3323,changes,1
3324,expects,1
3325,deceits,1
3326,formulations,1
3327,heir,1
3328,unknowable,1
3329,emphasize,1
3330,spells,1
3331,lieu,1
3332,heaven-sent,1
3333,puzzlement,1
3334,previous,1
3335,wide,1
3336,strictly-enforced,1
3337,type,1
3338,troops,1
3339,pupil,1
3340,therapeutic,1
3341,meddler,1
3342,seized,1
3343,comp,1
3344,swearing,1
3345,comm,1
3346,d.l.,1
3347,oaths,1
3348,conclude,1
3349,profitable,1
3350,fissile,1
3351,leather,1
3352,insight,1
3353,readings,1
3354,examples,1
3355,instrumental,1
3356,cooling,1
3357,praying,1
3358,reedited,1
3359,vainglory,1
3360,surrounded,1
3361,south,1
3362,north,1
3363,neglectful,1
3364,sensibly,1
3365,capacity,1
3366,gen,1
3367,continues,1
3368,them-and,1
3369,precise,1
3370,sensible,1
3371,antitheoretical,1
3372,yielding,1
3373,cool,1
3374,depth,1
3375,prone,1
3376,reminders,1
3377,overpowering,1
3378,addresses,1
3379,reveal,1
3380,courageously,1
3381,basileus,1
3382,comedians,1
3383,create,1
3384,erudition,1
3385,curious,1
3386,transliterate,1
3387,stranded,1
3388,magistracy,1
3389,purposes,1
3390,jejunum,1
3391,send,1
3392,judges,1
3393,expenses,1
3394,snake,1
3395,you',1
3396,intends,1
3397,thesame,1
3398,regimes,1
3399,considers,1
3400,aims,1
3401,andragathia,1
3402,groups,1
3403,allowing,1
3404,intent,1
3405,factors,1
3406,contrasting,1
3407,repletion,1
3408,narration,1
3409,assured,1
3410,swollen,1
3411,plagued,1
3412,numerous,1
3413,govern,1
3414,cnidos,1
3415,soldiers',1
3416,begins,1
3417,protected,1
3418,framed,1
3419,philology,1
3420,calculate,1
3421,audience,1
3422,everlasting,1
3423,amazons,1
3424,possess,1
3425,volunteers,1
3426,antalcidas,1
3427,innovations,1
3428,seizing,1
3429,recognizes,1
3430,enlightened,1
3431,wine,1
3432,arrives,1
3433,sights,1
3434,rejecting,1
3435,airs,1
3436,obedient,1
3437,achieve,1
3438,ahead,1
3439,mastery,1
3440,allying,1
3441,extemporization,1
3442,hardships,1
3443,caretaker,1
3444,sets,1
3445,combines,1
3446,faculties,1
3447,faced,1
3448,ruined,1
3449,veins,1
3450,governs,1
3451,acquired-whether,1
3452,discuss,1
3453,analogistic,1
3454,now-an,1
3455,deadly,1
3456,belonging,1
3457,exceed,1
3458,enlarge,1
3459,lacy,1
3460,over-boldness,1
3461,claudius,1
3462,inquires,1
3463,epainon,1
3464,proximate,1
3465,andres,1
3466,strange,1
3467,rivals,1
3468,ventures,1
3469,circumstance,1
3470,aren,1
3471,acharnians,1
3472,unnaturally,1
3473,relieving,1
3474,wisdom,1
3475,fatal,1
3476,producing,1
3477,cambyses,1
3478,marginal,1
3479,reputed,1
3480,departed,1
3481,peak,1
3482,armistice,1
3483,ethos,1
3484,hopeless,1
3485,monuments,1
3486,inception,1
3487,crowning,1
3488,concise,1
3489,borrows,1
3490,write,1
3491,ceased,1
3492,musical,1
3493,underlying,1
3494,boeotian,1
3495,confirmation,1
3496,heaven,1
3497,jointly,1
3498,gynecology,1
3499,harshly,1
3500,reclaiming,1
3501,arrogance,1
3502,analyze,1
3503,despair,1
3504,favorably,1
3505,philosophize,1
3506,larger,1
3507,ulceration,1
3508,remembers,1
3509,costly,1
3510,heregarded,1
3511,violence,1
3512,gilbert,1
3513,reproduced,1
3514,xxi,1
3515,shaming,1
3516,pivotal,1
3517,messenger,1
3518,reign,1
3519,stricken,1
3520,wake,1
3521,verbs,1
3522,a.j.,1
3523,megara,1
3524,reexamining,1
3525,danaus,1
3526,terror,1
3527,dispense,1
3528,earth-in,1
3529,strengthened,1
3530,instilled,1
3531,guaranteed,1
3532,admonishes,1
3533,arms,1
3534,assimilating,1
3535,policies,1
3536,manifestly,1
3537,grievous,1
3538,wailing,1
3539,intended,1
3540,design,1
3541,explanations,1
3542,victim,1
3543,follower,1
3544,performing,1
3545,euphemism,1
3546,encyclopedic,1
3547,conduct,1
3548,obey,1
3549,a-c,1
3550,a-b,1
3551,wall,1
3552,ardently,1
3553,clauses,1
3554,proscribe,1
3555,decay,1
3556,incidental,1
3557,generalized,1
3558,liberty,1
3559,lawrence,1
3560,raiding,1
3561,welcome,1
3562,abundant,1
3563,vols,1
3564,demonstration,1
3565,offend,1
3566,greek-english,1
3567,agathoi,1
3568,indicative,1
3569,prize,1
3570,accident,1
3571,plausibilityand,1
3572,cleon,1
3573,pointless,1
3574,routledge,1
3575,beating,1
3576,uncritical,1
3577,philosophenai,1
3578,entrust,1
3579,standing,1
3580,philosophie,1
3581,temkin,1
3582,antagonism,1
3583,unknowingly,1
3584,waged,1
3585,tenedos,1
3586,guided,1
3587,andrachne,1
3588,preserved,1
3589,basically,1
3590,zealous-first,1
3591,pre,1
3592,perish,1
3593,definite,1
3594,laertius,1
3595,graecorum,1
3596,preserves,1
3597,pro,1
3598,intrinsic,1
3599,secrets,1
3600,allegedly,1
3601,sophocles',1
3602,guilty,1
3603,exaggerated,1
3604,playing,1
3605,suffice.but.,1
3606,asking,1
3607,thicken,1
3608,impossible,1
3609,tocriticize,1
3610,yesterday,1
3611,venomous,1
3612,prudent,1
3613,assembled,1
3614,steady,1
3615,canons,1
3616,evaluations,1
3617,autes,1
3618,yes,1
3619,contentious,1
3620,generic,1
3621,enemy's,1
3622,initially,1
3623,philosophe,1
3624,them-,1
3625,aroused,1
3626,notorious,1
3627,continually,1
3628,disaffected,1
3629,options,1
3630,grows,1
3631,conclusions,1
3632,heritage,1
3633,bowels,1
3634,kansas,1
3635,contemporaneously,1
3636,sophocles,1
3637,slaved,1
3638,pungent,1
3639,perfunctory,1
3640,ethiopia,1
3641,customarily,1
3642,fearlessly,1
3643,stifling,1
3644,emphasizes,1
3645,merits,1
3646,praxagoras,1
3647,linguistic,1
3648,mindarus,1
3649,theme,1
3650,attest,1
3651,lexicon,1
3652,henceforth,1
3653,desire,1
3654,unintelligible,1
3655,suffers,1
3656,a.w.,1
3657,unfortunately,1
3658,disgrace,1
3659,reverse,1
3660,phrynicus,1
3661,astringents,1
3662,foster,1
3663,organized,1
3664,lamenting,1
3665,travel,1
3666,facility,1
3667,waging,1
3668,incidence,1
3669,replace,1
3670,transitions,1
3671,wondering,1
3672,temptations,1
3673,hit,1
3674,companions,1
3675,answering,1
3676,emphasis,1
3677,funds,1
3678,prescribe,1
3679,connotes,1
3680,logically,1
3681,tree,1
3682,phil.-hist,1
3683,extrapolate,1
3684,counteract,1
3685,forearm,1
3686,three-cornered,1
3687,noteasy,1
3688,belonged,1
3689,arbitrarily,1
3690,saythat,1
3691,values,1
3692,galenausgabe,1
3693,drunkenness,1
3694,textbooks,1
3695,straightforwardly,1
3696,september,1
3697,attachment,1
3698,uphold,1
3699,nicon,1
3700,eternity,1
3701,restore,1
3702,eighth,1
3703,encounter,1
3704,governing,1
3705,nomos,1
3706,glad,1
3707,suggestions,1
3708,unforeseen,1
3709,easiness,1
3710,safer,1
3711,ingredientibus,1
3712,rectitude,1
3713,advance,1
3714,aristophanes,1
3715,sinewy,1
3716,diverse,1
3717,nachr,1
3718,seamless,1
3719,akragas,1
3720,delighted,1
3721,active,1
3722,july,1
3723,fleshy,1
3724,venture,1
3725,enthusiasm,1
3726,deals,1
3727,anaxagoras,1
3728,characteristic,1
3729,lettres,1
3730,hearing,1
3731,committing,1
3732,endeavors,1
3733,stepmother,1
3734,march,1
3735,appeals,1
3736,june,1
3737,series,1
3738,restored,1
3739,besting,1
3740,passions,1
3741,dispatch,1
3742,prior,1
3743,blockade,1
3744,presupposed,1
3745,apuleius,1
3746,train,1
3747,richard,1
3748,phaedo,1
3749,commonly,1
3750,thrace,1
3751,count,1
3752,gymnastic,1
3753,granting,1
3754,blame,1
3755,relatively,1
3756,boasting,1
3757,carrying,1
3758,deceives,1
3759,oligarchies-are,1
3760,alcmaeon,1
3761,subtleties,1
3762,partisans,1
3763,passed,1
3764,grants,1
3765,hometown,1
3766,remembering,1
3767,tame,1
3768,material,1
3769,approximately,1
3770,encouragement,1
3771,peculiar,1
3772,rites,1
3773,fortunes,1
3774,collaborate,1
3775,superficial,1
3776,themistocles,1
3777,surpasses,1
3778,assertions,1
3779,macmillan,1
3780,men-,1
3781,heavy,1
3782,altered,1
3783,accompanied,1
3784,reached,1
3785,kindunoi,1
3786,clients,1
3787,inference,1
3788,snakes,1
3789,pergamon,1
3790,topica,1
3791,one-sided,1
3792,i.ls.,1
3793,bent,1
3794,pyrrhic,1
3795,attackers,1
3796,observable,1
3797,practically,1
3798,sophist,1
3799,envious,1
3800,accredited,1
3801,distancing,1
3802,rarefied,1
3803,solution,1
3804,backward,1
3805,citizen,1
3806,accepts,1
3807,pleasant,1
3808,drove,1
3809,relaxing,1
3810,seriously,1
3811,fill,1
3812,experiences,1
3813,hears,1
3814,heart,1
3815,galenforschung,1
3816,convenient,1
3817,strengths,1
3818,monograph,1
3819,bequeathed,1
3820,tactics,1
3821,b-c,1
3822,harvard,1
3823,belong,1
3824,cadmeians,1
3825,transgression,1
3826,borders,1
3827,predate,1
3828,leadership,1
3829,nouns,1
3830,experienced,1
3831,ancestors',1
3832,entreating,1
3833,acropolis,1
3834,pretended,1
3835,outflows,1
3836,underlie,1
3837,aphrodisias,1
3838,attraction,1
3839,uncontaminated,1
3840,writes,1
3841,coming,1
3842,profess,1
3843,originality,1
3844,understandably,1
3845,dissolved,1
3846,pleurisy,1
3847,intention,1
3848,pointed,1
3849,symptom,1
3850,thereby,1
3851,religious,1
3852,suppl,1
3853,respectable,1
3854,vomit,1
3855,deliberation,1
3856,poppo,1
3857,genitive,1
3858,honour,1
3859,rebellion,1
3860,reaction,1
3861,lysander,1
3862,weary,1
3863,valor,1
3864,dioscurides,1
3865,simon,1
3866,abandon,1
3867,afraid,1
3868,habitual,1
3869,treacherously,1
3870,incomprhension,1
3871,mainly,1
3872,second-best,1
3873,beseech,1
3874,hesitated,1
3875,beforehand,1
3876,observational,1
3877,admirable,1
3878,please,1
3879,fits,1
3880,elected,1
3881,polus',1
3882,channels,1
3883,rewards,1
3884,soothing,1
3885,vi-vii,1
3886,derivative,1
3887,damaging,1
3888,causal,1
3889,pelops,1
3890,speaker's,1
3891,well-reputed,1
3892,madness,1
3893,decreed,1
3894,reggio,1
3895,artificial,1
3896,important-exceptions,1
3897,professed,1
3898,valla,1
3899,indiana,1
3900,equestrian,1
3901,discussions,1
3902,erupted,1
3903,instill,1
3904,consist,1
3905,aphrodisias',1
3906,games,1
3907,amphipolis,1
3908,dependent,1
3909,phenomenal,1
3910,profession,1
3911,deplore,1
3912,gums,1
3913,briefly,1
3914,besieged,1
3915,risked,1
3916,fail,1
3917,versions,1
3918,donini,1
3919,theodas,1
3920,ascertained,1
3921,narrated,1
3922,distress,1
3923,remnant,1
3924,regions,1
3925,philinus,1
3926,seize,1
3927,meager,1
3928,collective,1
3929,andros,1
3930,relevant',1
3931,wherever,1
3932,establishes,1
3933,sympathize,1
3934,innate,1
3935,liquid,1
3936,damaged,1
3937,forgot,1
3938,comme,1
3939,prefer,1
3940,roman,1
3941,ascribe,1
3942,appealed,1
3943,minority,1
3944,conspiracy,1
3945,genomenoi,1
3946,klaudios,1
3947,misled,1
3948,theophrastus,1
3949,garcia,1
3950,fostered,1
3951,rejection,1
3952,healed,1
3953,covered,1
3954,arrival,1
3955,willing-the,1
3956,advice,1
3957,statements,1
3958,bestow,1
3959,holding,1
3960,trace,1
3961,liberality,1
3962,listening,1
3963,tinged,1
3964,enforced,1
3965,repay,1
3966,expensive,1
3967,worthless,1
3968,transports,1
3969,performance,1
3970,garrison,1
3971,conferred,1
3972,derivation,1
3973,vague,1
3974,fare,1
3975,objects,1
3976,unrest,1
3977,it-unmethodical,1
3978,building,1
3979,quintilian,1
3980,sorts,1
3981,definitions,1
3982,terrain,1
3983,ashamed,1
3984,commodus,1
3985,virtually,1
3986,raw,1
3987,tolma,1
3988,warming,1
3989,artful,1
3990,endure,1
3991,firmly,1
3992,criterion,1
3993,pore,1
3994,successors,1
3995,uncertainty,1
3996,blamed,1
3997,sicker,1
3998,scott,1
3999,close,1
4000,linked,1
4001,grieving,1
4002,abh,1
4003,fanciful,1
4004,sharpening,1
4005,way-such,1
4006,congestion,1
4007,persuasive,1
4008,arrayed,1
4009,demise,1
4010,laxative,1
4011,ill-fated,1
4012,act,1
4013,post,1
4014,negligence,1
4015,died-into,1
4016,zur,1
4017,gorgianic,1
4018,escapes,1
4019,assistants,1
4020,constructive,1
4021,pharmacy,1
4022,exchange,1
4023,soranus's,1
4024,joining,1
4025,artemisium,1
4026,nurtures,1
4027,athenaeus,1
4028,incapable,1
4029,ivl,1
4030,identify,1
4031,citizenship,1
4032,message,1
4033,aft,1
4034,steadfast,1
4035,aesthetic,1
4036,smaller,1
4037,overlooked,1
4038,laodicea,1
4039,property,1
4040,cornered,1
4041,duty-the,1
4042,busying,1
4043,volumes,1
4044,distributed,1
4045,oratorical,1
4046,likelihood,1
4047,spot,1
4048,mesentery,1
4049,partial,1
4050,hypotheses,1
4051,extravagant,1
4052,firstly,1
4053,lancing,1
4054,sacred,1
4055,filled,1
4056,meantime,1
4057,odes,1
4058,tended,1
4059,erasistrateans,1
4060,powerful,1
4061,c-d,1
4062,workings,1
4063,shed,1
4064,infamous,1
4065,impressed,1
4066,modifies,1
4067,theseus',1
4068,points,1
4069,rear,1
4070,generalizations,1
4071,well-educated,1
4072,maintained,1
4073,complement,1
4074,border,1
4075,separable,1
4076,conducted,1
4077,applicable,1
4078,prompted,1
4079,maintaining,1
4080,differed,1
4081,contemporary,1
4082,alan,1
4083,substantive,1
4084,subfiguratio,1
4085,coupled,1
4086,hildesheim,1
4087,prayers,1
4088,lesion,1
4089,doctor's,1
4090,interfering,1
4091,lamented,1
4092,weakness,1
4093,cleverness,1
4094,postulates,1
4095,today,1
4096,universal,1
4097,commented,1
4098,ann,1
4099,abroad,1
4100,undermine,1
4101,deliberately,1
4102,moraux,1
4103,unnecessary,1
4104,skepticism,1
4105,formulated,1
4106,suggested,1
4107,caring,1
4108,application,1
4109,c.e.,1
4110,formally,1
4111,accurate,1
4112,severed,1
4113,socialthreat,1
4114,thracia,1
4115,prosecution,1
4116,anywhere,1
4117,annual,1
4118,jar,1
4119,gentle,1
4120,greeks-argives,1
4121,resort,1
4122,inferring,1
4123,margin,1
4124,scripta,1
4125,reconciled,1
4126,aristotelian,1
4127,pregnancy,1
4128,sweated,1
4129,refine,1
4130,subst,1
4131,man's,1
4132,completed,1
4133,fugitives,1
4134,rings,1
4135,kotylai,1
4136,gently,1
4137,completes,1
4138,herophilus',1
4139,imitating,1
4140,annually,1
4141,increased,1
4142,hymn,1
4143,inspiring,1
4144,diversity,1
4145,fruits,1
4146,varying,1
4147,grace,1
4148,captive,1
4149,broader,1
4150,thebest,1
4151,broken,1
4152,strenuously,1
4153,deteriorated,1
4154,peloponnesus,1
4155,excellently,1
4156,fitted,1
4157,speculative,1
4158,relations,1
4159,ephiesthai,1
4160,barbarian-hating,1
4161,individuals,1
4162,oftruth,1
4163,neighbors,1
4164,warriors,1
4165,recollection,1
4166,unbalanced,1
4167,results,1
4168,recurrent,1
4169,correctness,1
4170,egregious,1
4171,admiral,1
4172,xanthippus,1
4173,overlooking,1
4174,agitation,1
4175,watched,1
4176,overlap,1
4177,everywhere,1
4178,gladly,1
4179,parties,1
4180,mourn,1
4181,leaving,1
4182,nominative,1
4183,reflections,1
4184,augmented,1
4185,emigrating,1
4186,situated,1
4187,nicolaus,1
4188,resting,1
4189,discourse,1
4190,radically,1
4191,thirdly,1
4192,assuming,1
4193,duty,1
4194,hastening,1
4195,leader,1
4196,judiciously,1
4197,usage,1
4198,transmitted,1
4199,severely,1
4200,autochthonous,1
4201,generation,1
4202,crises,1
4203,subduing,1
4204,undefeated,1
4205,eighteen,1
4206,ophthalmia,1
4207,unification,1
4208,another's,1
4209,omen,1
4210,failing,1
4211,flesh,1
4212,haase,1
4213,grief-and,1
4214,purely,1
4215,damage,1
4216,guard,1
4217,cures,1
4218,pressing,1
4219,caus,1
4220,scold,1
4221,focussed,1
4222,criticized,1
4223,demon,1
4224,brock,1
4225,morb,1
4226,reliance,1
4227,display,1
4228,distressing,1
4229,inaccurate,1
4230,inveniendi,1
4231,cured,1
4232,sifted,1
4233,rhamnusia,1
4234,reluctantly,1
4235,broadly,1
4236,leontinians,1
4237,spontaneously,1
4238,membrane,1
4239,venerated,1
4240,minded,1
4241,theempiricists,1
4242,amicably,1
4243,outstrips,1
4244,connections,1
4245,episodes,1
4246,negotiate,1
4247,crisis,1
4248,forgiven,1
4249,temporarily,1
4250,aspasia's,1
4251,misguided,1
4252,transfer,1
4253,unclarity,1
4254,gottlieb,1
4255,largest,1
4256,ascertain,1
4257,contentivis,1
4258,proliferated,1
4259,translators,1
4260,joy,1
4261,reevaluated,1
4262,iv.l,1
4263,profit,1
4264,original,1
4265,resp,1
4266,plataea-although,1
4267,gets,1
4268,spread,1
4269,theconsiderable,1
4270,equivalent,1
4271,extemporary,1
4272,nachdruck,1
4273,stripped,1
4274,assemblage,1
4275,completing,1
4276,plague,1
4277,canon,1
4278,campaigns,1
4279,bay,1
4280,polemos,1
4281,gaining,1
4282,violated,1
4283,soaked,1
4284,adequately,1
4285,wrongly,1
4286,and-as,1
4287,accurately,1
4288,alum,1
4289,indigestions,1
4290,disrepute,1
4291,jones,1
4292,hesitation,1
4293,abuse,1
4294,homeland,1
4295,civic,1
4296,proves,1
4297,servant,1
4298,discouraging,1
4299,civil,1
4300,subsequent,1
4301,wheat,1
4302,embodiment,1
4303,compared,1
4304,completion,1
4305,founder,1
4306,entered,1
4307,barnes,1
4308,diagnose,1
4309,deposited,1
4310,boulesterion,1
4311,sympathizers,1
4312,xenocrates,1
4313,sophisms,1
4314,wavering,1
4315,defenses,1
4316,searched,1
4317,analogisms,1
4318,practice',1
4319,helps,1
4320,debt,1
4321,party,1
4322,duties,1
4323,deem,1
4324,exhibits,1
4325,wronged,1
4326,signs,1
4327,related,1
4328,legendary,1
4329,captured,1
4330,pardoned,1
4331,harper,1
4332,directed,1
4333,practical,1
4334,deductive,1
4335,resents,1
4336,wreath,1
4337,retained,1
4338,realm,1
4339,fresh,1
4340,modes,1
4341,invoke,1
4342,sick,1
4343,bit,1
4344,slaughter,1
4345,thanks,1
4346,enjoins,1
4347,model,1
4348,tasks,1
4349,vain,1
4350,tomorrow,1
4351,drink,1
4352,attracted,1
4353,paragraph,1
4354,preferring,1
4355,proportion,1
4356,composed,1
4357,parva,1
4358,prejudice,1
4359,embarked,1
4360,guardian,1
4361,composing,1
4362,resisted,1
4363,unsound,1
4364,mycenae,1
4365,creator,1
4366,thorn,1
4367,determined-and,1
4368,implementing,1
4369,recounts,1
4370,fluency,1
4371,indirectly,1
4372,joke,1
4373,hide,1
4374,suspicions,1
4375,analogistical,1
4376,theirs,1
4377,pythagoras,1
4378,expresses,1
4379,patrimonial,1
4380,office,1
4381,anger,1
4382,perilous,1
4383,publication,1
4384,emperors,1
4385,administered,1
4386,politeia,1
4387,appropriateness,1
4388,gladiators,1
4389,constricting,1
4390,tense,1
4391,errors,1
4392,xxxv,1
4393,sheridan,1
4394,hostility,1
4395,il.is.,1
4396,total,1
4397,countrymen,1
4398,savage,1
4399,syracuse,1
4400,highly,1
4401,boethius,1
4402,medication,1
4403,philokalhlai,1
4404,coloured,1
4405,acknowledge,1
4406,ameliorate,1
4407,athenian-led,1
4408,quarrel,1
4409,essentially,1
4410,hereditary,1
4411,inflict,1
4412,worthwhile,1
4413,stumble,1
4414,counts,1
4415,upper,1
4416,stood,1
4417,dwelling,1
4418,somewhere,1
4419,endear,1
4420,supposing,1
4421,publishing,1
4422,karl,1
4423,closely,1
4424,pliny,1
4425,mission,1
4426,overthrew,1
4427,appreciated,1
4428,affront,1
4429,wellcome,1
4430,primitive,1
4431,overcome,1
4432,grounded,1
4433,flares,1
4434,neighboring,1
4435,galenos,1
4436,eklogizesthai,1
4437,unreal,1
4438,preferred,1
4439,bewitch,1
4440,situations,1
4441,stopped,1
4442,storm,1
4443,orator,1
4444,threatened,1
4445,prided,1
4446,quell,1
4447,confirm,1
4448,revelation,1
4449,wished,1
4450,available,1
4451,frequency,1
4452,galenus,1
4453,instantly,1
4454,excesses,1
4455,syracusians,1
4456,generate,1
4457,greatness,1
4458,braids,1
4459,deficiencies,1
4460,glaucias,1
4461,inquiries,1
4462,sing,1
4463,uninformed,1
4464,apolog,1
4465,prisoners,1
4466,monument,1
4467,kin,1
4468,herpes,1
4469,collects,1
4470,mortal,1
4471,commemorate,1
4472,ionians,1
4473,nights,1
4474,docked,1
4475,comparative,1
4476,lightly,1
4477,unjustly,1
4478,upbringing,1
4479,positively,1
4480,rulers,1
4481,tendto,1
4482,sight,1
4483,teeth,1
4484,nobody,1
4485,longtime,1
4486,densification,1
4487,arising,1
4488,comprehension,1
4489,verus,1
4490,concatenation,1
4491,bloodlettings,1
4492,acquainted,1
4493,verve,1
4494,unwillingly,1
4495,sophistical,1
4496,perceptible,1
4497,wear,1
4498,distressed,1
4499,sectis,1
4500,variously,1
4501,lawless,1
4502,firmer,1
4503,elements,1
4504,filosofici,1
4505,resembles,1
4506,orphanhood,1
4507,loraux,1
4508,unofficially,1
4509,anonymus,1
4510,schofield,1
4511,retaliating,1
4512,deciding,1
4513,substantiate,1
4514,surprisingly,1
4515,conspicuous,1
4516,natures,1
4517,indirect,1
4518,accepted,1
4519,excitement,1
4520,regards,1
4521,testimony,1
4522,destined,1
4523,oenophyta,1
4524,sail,1
4525,instances,1
4526,distinct,1
4527,hair,1
4528,paris,1
4529,securely,1
4530,studies,1
4531,wealthiest,1
4532,euphemistic,1
4533,carried,1
4534,horde,1
4535,idle,1
4536,match,1
4537,analogists,1
4538,played,1
4539,lyons,1
4540,really,1
4541,theseus,1
4542,carries,1
4543,response,1
4544,independently,1
4545,rival,1
